Model,Accuracy,Accuracy_Std,Precision,Recall,F1-Score,ROC-AUC,Error_Rate,Execution_Time_s,TPR,TNR,FPR,FNR,TP,FN,FP,TN,Accuracy_CI_Lower,Accuracy_CI_Upper,Evaluation
Weighted Voting Ensemble,0.8783766233766233,0.05668782820638502,0.8376589167537445,0.9504926108374384,0.889452972065277,0.9276917663617171,0.12162337662337674,7.683819532394409,0.9504926108374384,0.8029197080291971,0.19708029197080293,0.04929577464788732,135,7,27,110,,,5-Fold CV
Weighted Voting Ensemble,0.9571428571428572,0.0,0.9230769230769231,1.0,0.96,0.9771241830065359,0.042857142857142816,0.31537699699401855,1.0,0.9117647058823529,0.08823529411764706,0.0,36,0,3,31,0.8814033125147246,0.9853184589958887,Test Set
