Model,Accuracy,Accuracy_Std,Precision,Recall,F1-Score,ROC-AUC,Error_Rate,Execution_Time_s,TPR,FPR,TP,FN,FP,TN,Accuracy_CI_Lower,Accuracy_CI_Upper,Evaluation
Stacking Ensemble,0.8710389610389611,0.046939294327872576,0.8533408748114631,0.9078817733990148,0.8781392982965475,0.9283739932754711,0.12896103896103894,41.4581344127655,0.9078817733990148,0.1678832116788321,129,13,23,114,,,5-Fold CV
Stacking Ensemble,0.9571428571428572,0.0,0.9459459459459459,0.9722222222222222,0.958904109589041,0.9779411764705882,0.042857142857142816,0.2518942356109619,0.9722222222222222,0.058823529411764705,35,1,2,32,0.8814033125147246,0.9853184589958887,Test Set
